{"stats":{"minecraft:killed":{"minecraft:chicken":1,"minecraft:cow":3},"minecraft:custom":{"minecraft:time_since_rest":3850,"minecraft:play_time":3850,"minecraft:sprint_one_cm":7828,"minecraft:walk_one_cm":17247,"minecraft:sneak_time":27,"minecraft:walk_under_water_one_cm":1744,"minecraft:mob_kills":4,"minecraft:jump":134,"minecraft:damage_dealt":360,"minecraft:leave_game":1,"minecraft:time_since_death":3850,"minecraft:walk_on_water_one_cm":618,"minecraft:total_world_time":3850,"minecraft:swim_one_cm":2558,"minecraft:fall_one_cm":1881,"minecraft:fly_one_cm":19576},"minecraft:picked_up":{"minecraft:feather":2,"minecraft:chicken":1,"minecraft:leather":3,"minecraft:wheat_seeds":3,"minecraft:beef":4,"minecraft:poppy":1,"minecraft:sugar_cane":1},"minecraft:mined":{"minecraft:grass":27,"minecraft:poppy":2,"minecraft:sand":1,"minecraft:sugar_cane":1}},"DataVersion":2975}