{"stats":{"minecraft:mined":{"minecraft:glass_pane":2,"minecraft:blue_stained_glass":15,"treechop:chopped_log":1,"minecraft:red_wall_banner":1,"minecraft:honey_block":11,"minecraft:acacia_log":3,"minecraft:grass_block":1,"minecraft:dirt":2,"minecraft:wall_torch":2},"minecraft:crafted":{"minecraft:acacia_planks":8},"minecraft:killed":{"minecraft:sheep":1,"born_in_chaos_v1:decaying_zombie":2,"minecraft:zombie":3,"alexsmobs:elephant":1,"minecraft:witch":1,"alexsmobs:gazelle":2,"gnumus:gnumus_hunter":2,"minecraft:creeper":5,"minecraft:cow":1,"born_in_chaos_v1:decrepit_skeleton":3},"minecraft:dropped":{"minecraft:bread":5,"alexscaves:spawn_egg_atlatitan":1},"minecraft:picked_up":{"minecraft:torch":3,"minecraft:acacia_log":3,"minecraft:red_banner":1,"minecraft:item_frame":1,"minecraft:experience_bottle":1,"minecraft:honey_block":10,"minecraft:bell":1,"minecraft:iron_ingot":3,"minecraft:bread":1,"minecraft:emerald":1},"minecraft:custom":{"minecraft:time_since_rest":21386,"minecraft:sprint_one_cm":58219,"minecraft:damage_taken":90,"minecraft:walk_one_cm":59435,"minecraft:mob_kills":21,"minecraft:drop":6,"minecraft:animals_bred":1,"minecraft:damage_dealt":152,"minecraft:fly_one_cm":285756,"minecraft:open_chest":3,"minecraft:crouch_one_cm":751,"minecraft:play_time":21386,"minecraft:sneak_time":546,"minecraft:bell_ring":1,"minecraft:jump":488,"minecraft:damage_dealt_resisted":9,"minecraft:leave_game":1,"minecraft:time_since_death":21386,"minecraft:total_world_time":21386,"minecraft:climb_one_cm":386,"minecraft:fall_one_cm":2875},"minecraft:used":{"minecraft:honey_block":10,"alexscaves:spawn_egg_atlatitan":9,"minecraft:bread":1,"minecraft:bell":5,"minecraft:acacia_planks":8,"minecraft:experience_bottle":1}},"DataVersion":3465}