{"stats":{"minecraft:killed_by":{"minecraft:iron_golem":1},"minecraft:killed":{"minecraft:sheep":1},"minecraft:mined":{"minecraft:potatoes":6,"minecraft:carrots":1,"minecraft:stripped_spruce_wood":2,"minecraft:wheat":1,"minecraft:powder_snow":27},"minecraft:crafted":{"minecraft:cooked_mutton":3},"minecraft:used":{"minecraft:cooked_mutton":1,"minecraft:potato":2},"minecraft:custom":{"minecraft:time_since_rest":2797,"minecraft:open_chest":2,"minecraft:play_time":8518,"minecraft:sprint_one_cm":28433,"minecraft:damage_taken":559,"minecraft:deaths":2,"minecraft:walk_one_cm":32198,"minecraft:mob_kills":1,"minecraft:jump":187,"minecraft:interact_with_brewingstand":1,"minecraft:damage_dealt":130,"minecraft:leave_game":1,"minecraft:time_since_death":2763,"minecraft:interact_with_smoker":3,"minecraft:total_world_time":8518,"minecraft:talked_to_villager":4,"minecraft:fall_one_cm":11042,"minecraft:fly_one_cm":48816},"minecraft:picked_up":{"minecraft:wheat_seeds":1,"minecraft:potato":3,"minecraft:stripped_spruce_wood":2,"minecraft:gray_wool":1,"minecraft:mutton":4,"minecraft:white_wool":1}},"DataVersion":3465}