{"stats":{"minecraft:custom":{"minecraft:time_since_rest":2706,"minecraft:sprint_one_cm":60090,"minecraft:damage_taken":260,"minecraft:walk_one_cm":322937,"minecraft:mob_kills":15,"minecraft:drop":4,"minecraft:damage_dealt":1659,"minecraft:damage_dealt_absorbed":1185,"minecraft:fly_one_cm":143352,"minecraft:crouch_one_cm":664,"minecraft:play_time":33954,"minecraft:sneak_time":193,"minecraft:deaths":2,"minecraft:walk_under_water_one_cm":6281,"minecraft:jump":245,"minecraft:damage_dealt_resisted":11572,"minecraft:leave_game":2,"minecraft:walk_on_water_one_cm":147,"minecraft:time_since_death":2672,"minecraft:total_world_time":33954},"minecraft:dropped":{"jujutsucraft:mahito_hand_1":1,"wom:satsujin":1,"jujutsucraft:sword_okkotsu_yuta":1,"wom:tormented_mind":1},"minecraft:used":{"wom:satsujin":41,"wom:ender_blaster":14,"epicfight:skillbook":1,"jujutsucraft:uniform_gojo_helmet":1,"jujutsucraft:eso_spawn_egg":4,"wom:wooden_staff":9,"jujutsucraft:jujutsu_sorcerer_spawn_egg":69,"jujutsucraft:uniform_gojo_leggings":1,"jujutsucraft:sukuna_perfect_spawn_egg":3,"wom:antitheus":10,"jujutsucraft:uniform_gojo_boots":1,"wom:moonless":41,"epicfight:uchigatana":3,"jujutsucraft:uniform_gojo_chestplate":1},"minecraft:picked_up":{"jujutsucraft:sword_okkotsu_yuta":1,"jujutsucraft:fester_life_blade":1,"wom:tormented_mind":1,"jujutsucraft:mahito_hand_1":1,"wom:satsujin":1},"minecraft:killed":{"jujutsucraft:cursed_spirit_grade_32":2,"jujutsucraft:cursed_spirit_grade_312":1,"jujutsucraft:cursed_spirit_grade_37":1,"jujutsucraft:eso":2,"jujutsucraft:cursed_spirit_grade_318":2,"jujutsucraft:cursed_spirit_grade_315":1,"jujutsucraft:curse_user":1}},"DataVersion":3465}