{"stats":{"minecraft:used":{"minecraft:redstone_torch":8,"handcrafted:warped_table":3,"alexsmobs:spawn_egg_blue_jay":2,"minecraft:lever":12,"alexscaves:acid_bucket":2,"cataclysm:the_baby_leviathan_spawn_egg":1,"farmersdelight:skillet":5,"cataclysm:deepling_priest_spawn_egg":3,"handcrafted:dark_oak_couch":5,"handcrafted:jungle_nightstand":4,"mcwbridges:acacia_log_bridge_middle":64,"alexscaves:hazmat_skull_block":2,"cataclysm:abyssal_egg":2,"waterframes:big_tv":1,"farmersdelight:stove":1,"cataclysm:coral_bardiche":6,"farmersdelight:chocolate_pie":3,"cataclysm:lionfish_spawn_egg":1,"iammusicplayer:music_manager":4,"alexscaves:hazmat_warning_block":14,"waterframes:tv":1,"iammusicplayer:boombox":1,"torchmaster:feral_flare_lantern":3,"gnumus:spawn_structures_gnumus_ruins":2,"minecraft:tnt":2,"alexscaves:nuclear_furnace_component":2,"cataclysm:deepling_angler_spawn_egg":1,"cataclysm:deepling_brute_spawn_egg":1,"born_in_chaos_v1:infernal_spirit_spawn_egg":1,"videoplayer:tv_block":1,"vinery:taiga_grapes_red":1,"alexscaves:nuclear_bomb":30,"vinery:taiga_grape_seeds_red":5,"cataclysm:the_leviathan_spawn_egg":3},"minecraft:mined":{"brewery:wild_hops":3,"biomesoplenty:toadstool":1,"biomesoplenty:maple_leaves":1,"vinery:taiga_grape_bush_red":2,"minecraft:grass_block":91,"minecraft:gravel":1,"minecraft:dirt":77,"minecraft:fern":1},"minecraft:custom":{"minecraft:time_since_rest":72246,"minecraft:sprint_one_cm":29537,"minecraft:damage_taken":60,"minecraft:walk_one_cm":112874,"minecraft:mob_kills":2,"minecraft:drop":6,"minecraft:damage_dealt":508,"minecraft:swim_one_cm":3728,"minecraft:talked_to_villager":4,"minecraft:fly_one_cm":631982,"minecraft:open_chest":1,"minecraft:crouch_one_cm":1140,"minecraft:play_time":72246,"minecraft:sneak_time":1772,"minecraft:walk_under_water_one_cm":85734,"minecraft:jump":217,"minecraft:leave_game":2,"minecraft:time_since_death":72246,"minecraft:walk_on_water_one_cm":21875,"minecraft:total_world_time":72246,"minecraft:fall_one_cm":1947},"minecraft:killed":{"alexsmobs:terrapin":1,"alexsmobs:raccoon":1},"minecraft:picked_up":{"biomesoplenty:toadstool":2,"gnumus:gnumus_doubloons":3,"minecraft:oak_door":1,"minecraft:salmon":2,"vinery:taiga_grape_seeds_red":5,"minecraft:lead":1,"minecraft:flint":1,"farmersdelight:salmon_slice":9,"minecraft:diorite":6,"vinery:taiga_grapes_red":1,"minecraft:dirt":142,"brewery:hops_seeds":8,"minecraft:wheat_seeds":4,"minecraft:lever":4,"minecraft:granite":1,"minecraft:bone_meal":1,"born_in_chaos_v1:rotten_fish":1,"farmersdelight:cooked_salmon_slice":1,"minecraft:coal":2,"minecraft:cobblestone":25},"minecraft:dropped":{"biomesoplenty:toadstool":2,"farmersdelight:salmon_slice":1,"brewery:hops_seeds":2,"minecraft:enchanted_golden_apple":1}},"DataVersion":3465}