{"stats":{"minecraft:mined":{"minecraft:potatoes":6,"minecraft:carrots":1,"minecraft:stripped_spruce_wood":2,"minecraft:wheat":1,"minecraft:powder_snow":27},"minecraft:custom":{"minecraft:open_chest":2,"minecraft:time_since_rest":2240,"minecraft:play_time":7961,"minecraft:sprint_one_cm":28374,"minecraft:deaths":2,"minecraft:damage_taken":559,"minecraft:walk_one_cm":31172,"minecraft:mob_kills":1,"minecraft:jump":184,"minecraft:interact_with_brewingstand":1,"minecraft:damage_dealt":130,"minecraft:leave_game":1,"minecraft:time_since_death":2206,"minecraft:total_world_time":7961,"minecraft:interact_with_smoker":3,"minecraft:talked_to_villager":4,"minecraft:fall_one_cm":11042,"minecraft:fly_one_cm":48770},"minecraft:killed_by":{"minecraft:iron_golem":1},"minecraft:used":{"minecraft:cooked_mutton":1,"minecraft:potato":2},"minecraft:killed":{"minecraft:sheep":1},"minecraft:crafted":{"minecraft:cooked_mutton":3},"minecraft:picked_up":{"minecraft:wheat_seeds":1,"minecraft:potato":3,"minecraft:stripped_spruce_wood":2,"minecraft:gray_wool":1,"minecraft:mutton":4,"minecraft:white_wool":1}},"DataVersion":3465}