{"stats":{"minecraft:custom":{"minecraft:time_since_rest":17642,"minecraft:crouch_one_cm":145,"minecraft:walk_one_cm":173557,"minecraft:play_time":19071,"minecraft:sprint_one_cm":23921,"minecraft:damage_taken":260,"minecraft:deaths":1,"minecraft:sneak_time":78,"minecraft:walk_under_water_one_cm":6281,"minecraft:mob_kills":8,"minecraft:drop":4,"minecraft:damage_dealt_resisted":7657,"minecraft:jump":93,"minecraft:damage_dealt":1653,"minecraft:leave_game":1,"minecraft:time_since_death":17603,"minecraft:walk_on_water_one_cm":147,"minecraft:total_world_time":19071,"minecraft:damage_dealt_absorbed":24,"minecraft:fly_one_cm":34536},"minecraft:dropped":{"jujutsucraft:sword_okkotsu_yuta":1,"jujutsucraft:mahito_hand_1":1,"wom:tormented_mind":1,"wom:satsujin":1},"minecraft:used":{"jujutsucraft:jujutsu_sorcerer_spawn_egg":1,"wom:ender_blaster":14,"wom:satsujin":41,"epicfight:skillbook":1,"jujutsucraft:uniform_gojo_leggings":1,"jujutsucraft:sukuna_perfect_spawn_egg":1,"wom:antitheus":10,"jujutsucraft:uniform_gojo_boots":1,"jujutsucraft:uniform_gojo_helmet":1,"wom:moonless":41,"jujutsucraft:eso_spawn_egg":4,"epicfight:uchigatana":3,"jujutsucraft:uniform_gojo_chestplate":1,"wom:wooden_staff":9},"minecraft:picked_up":{"wom:tormented_mind":1,"jujutsucraft:mahito_hand_1":1,"jujutsucraft:sword_okkotsu_yuta":1,"wom:satsujin":1},"minecraft:killed":{"jujutsucraft:cursed_spirit_grade_37":1,"jujutsucraft:cursed_spirit_grade_32":1,"jujutsucraft:eso":2,"jujutsucraft:cursed_spirit_grade_312":1}},"DataVersion":3465}