{"stats":{"minecraft:custom":{"minecraft:time_since_rest":31688,"minecraft:waystone_activated":3,"minecraft:sprint_one_cm":102604,"minecraft:walk_one_cm":189867,"minecraft:mob_kills":13,"minecraft:drop":2,"minecraft:damage_dealt":2588,"minecraft:damage_dealt_absorbed":262,"minecraft:fly_one_cm":776730,"minecraft:open_chest":1,"minecraft:crouch_one_cm":705,"minecraft:play_time":31688,"minecraft:sneak_time":830,"minecraft:jump":389,"minecraft:leave_game":1,"minecraft:time_since_death":31688,"minecraft:total_world_time":31688,"minecraft:fall_one_cm":894},"minecraft:picked_up":{"minecraft:tipped_arrow":1,"minecraft:feather":2,"minecraft:leather":1,"minecraft:porkchop":4,"epicfight:netherite_spear":1,"epicfight:iron_tachi":1,"regions_unexplored:tassel":1,"minecraft:bone":4,"minecraft:mutton":2,"minecraft:coal":1,"minecraft:white_wool":2},"minecraft:mined":{"regions_unexplored:medium_grass":1,"regions_unexplored:tassel":1},"minecraft:killed":{"minecraft:sheep":3,"minecraft:parrot":2,"born_in_chaos_v1:bonescaller":1,"born_in_chaos_v1:corpse_fly":1,"alexsmobs:capuchin_monkey":1,"born_in_chaos_v1:baby_skeleton":1,"alexsmobs:raccoon":1,"minecraft:wither_skeleton":2,"minecraft:hoglin":1},"minecraft:used":{"waystones:waystone":3,"epicfight:bokken":7,"regions_unexplored:tassel":1,"torchmaster:feral_flare_lantern":25,"torchmaster:megatorch":5,"epicfight:netherite_spear":3,"epicfight:uchigatana":36,"epicfight:iron_tachi":1},"minecraft:dropped":{"epicfight:iron_tachi":1,"epicfight:netherite_spear":1}},"DataVersion":3465}