{
	"entity": "illager_additions:samurai",
	"name": "High Frequency Cybernetic Illager",
        "visualscale": 1.0,
        "experience": 1000,
        "effects": {
           "minecraft:speed": 3
        },
        "attributes": {
          "generic.max_health": 500,
           "generic.follow_range": 50,
           "generic.knockback_resistance": 0,
           "generic.attack_damage": 4
        },
        "customattributes": {
           "dropgear": 7
        },
  	"gear": {
    	   "mainhand": "{id: \"mgrr:hf_blade_live\", Count: 1b, tag: {AttributeModifiers:[{AttributeName:\"generic.attack_damage\",Amount:3,Slot:mainhand,Name:\"generic.attack_damage\",UUID:[I;-123414,8713,2337,-17426]}]}}",
    	   "offhand": "{id: \"mgrr:dystopia\", Count: 2b, tag: {Damage: 0}}",
    	   "chestplate": "{id: \"mgrr:jetstream_chestplate\", Count: 1b, tag: {Damage: 0}}",
    	   "helmet": "{id: \"mgrr:jetstream_live_helmet\", Count: 1b, tag: {Damage: 0}}",
    	   "leggings": "{id: \"scattered_weapons:hunter_armor_leggings\", Count: 1b, tag: {Damage: 0}}",
    	   "feet": "{id: \"scattered_weapons:hunter_armor_boots\", Count: 1b, tag: {Damage: 0}}"
  	},
  	"ai-goals": {                                      
    	    "brutalbosses:aftercombatregen": {                
      	    "amount": 10
    		}
  	},
	"showbossbar": true,
	"namevisible": true
}